cluster,churn_rate,count
0,0.16981132075471697,1325
1,0.1215510812826249,1341
