cluster,Account length__mean,Account length__median,Area code__mean,Area code__median,Number vmail messages__mean,Number vmail messages__median,Total day minutes__mean,Total day minutes__median,Total day calls__mean,Total day calls__median,Total day charge__mean,Total day charge__median,Total eve minutes__mean,Total eve minutes__median,Total eve calls__mean,Total eve calls__median,Total eve charge__mean,Total eve charge__median,Total night minutes__mean,Total night minutes__median,Total night calls__mean,Total night calls__median,Total night charge__mean,Total night charge__median,Total intl minutes__mean,Total intl minutes__median,Total intl calls__mean,Total intl calls__median,Total intl charge__mean,Total intl charge__median,Customer service calls__mean,Customer service calls__median
0,99.31396226415094,99.0,436.54264150943396,415.0,8.877735849056604,0.0,209.79200000000003,209.6,99.20377358490566,100.0,35.66516981132075,35.63,218.69856603773584,219.1,99.70641509433962,100.0,18.589645283018868,18.62,210.7016603773585,210.7,100.60981132075472,101.0,9.481569811320755,9.48,9.051018867924528,9.1,4.403018867924528,4.0,2.444354716981132,2.46,1.5147169811320755,1.0
1,101.91126025354214,101.0,438.324384787472,415.0,7.175988068605518,0.0,149.53288590604026,150.4,101.4034302759135,102.0,25.421118568232664,25.57,182.29224459358687,180.8,100.33706189410887,100.0,15.495070842654735,15.37,191.74996271439224,190.8,99.60850111856823,100.0,8.628926174496645,8.59,11.408873974645786,11.4,4.530947054436988,4.0,3.0808053691275163,3.08,1.609992542878449,1.0
