cluster,Account length__mean,Account length__median,Area code__mean,Area code__median,Number vmail messages__mean,Number vmail messages__median,Total day minutes__mean,Total day minutes__median,Total day calls__mean,Total day calls__median,Total day charge__mean,Total day charge__median,Total eve minutes__mean,Total eve minutes__median,Total eve calls__mean,Total eve calls__median,Total eve charge__mean,Total eve charge__median,Total night minutes__mean,Total night minutes__median,Total night calls__mean,Total night calls__median,Total night charge__mean,Total night charge__median,Total intl minutes__mean,Total intl minutes__median,Total intl calls__mean,Total intl calls__median,Total intl charge__mean,Total intl charge__median,Customer service calls__mean,Customer service calls__median
-1,104.21951219512195,103.0,436.6341463414634,415.0,13.341463414634147,0.0,172.8,173.1,97.45528455284553,101.0,29.376422764227645,29.43,197.11951219512196,206.4,96.39837398373983,95.0,16.75552845528455,17.54,190.36747967479675,184.6,103.5691056910569,103.0,8.566747967479674,8.31,9.835772357723577,9.9,6.097560975609756,5.0,2.6558536585365853,2.67,2.292682926829268,2.0
0,100.45787401574803,100.0,437.50984251968504,415.0,7.746850393700788,0.0,179.8668503937008,180.05,100.44291338582677,101.0,30.577897637795274,30.61,200.57811023622048,200.85000000000002,100.21023622047244,100.0,17.04938188976378,17.075,201.63645669291338,201.7,99.95,100.0,9.073720472440945,9.075,10.268543307086613,10.2,4.393700787401575,4.0,2.773015748031496,2.75,1.5275590551181102,1.0
1,90.66666666666667,87.0,410.3333333333333,408.0,22.666666666666668,21.0,127.26666666666667,151.4,105.0,98.0,21.636666666666667,25.74,171.79999999999998,176.1,90.66666666666667,89.0,14.603333333333333,14.97,248.20000000000002,249.7,90.33333333333333,84.0,11.17,11.24,0.0,0.0,0.0,0.0,0.0,0.0,1.3333333333333333,1.0
