cluster,churn_rate,count
-1,0.2601626016260163,123
0,0.14015748031496064,2540
1,0.0,3
