k,silhouette,inertia
4.0,0.07903691105442667,24910.95664428239
