cluster,churn_rate,count
0,0.30023640661938533,423
2,0.13725490196078433,765
1,0.12853470437017994,778
3,0.08,700
