cluster,Account length__mean,Account length__median,Area code__mean,Area code__median,Number vmail messages__mean,Number vmail messages__median,Total day minutes__mean,Total day minutes__median,Total day calls__mean,Total day calls__median,Total day charge__mean,Total day charge__median,Total eve minutes__mean,Total eve minutes__median,Total eve calls__mean,Total eve calls__median,Total eve charge__mean,Total eve charge__median,Total night minutes__mean,Total night minutes__median,Total night calls__mean,Total night calls__median,Total night charge__mean,Total night charge__median,Total intl minutes__mean,Total intl minutes__median,Total intl calls__mean,Total intl calls__median,Total intl charge__mean,Total intl charge__median,Customer service calls__mean,Customer service calls__median
0,100.02364066193853,100.0,440.2529550827423,415.0,1.3711583924349882,0.0,176.67801418439717,180.0,98.80614657210401,99.0,30.035721040189127,30.6,198.1966903073286,197.1,98.548463356974,99.0,16.84692671394799,16.75,203.5494089834515,203.5,97.74468085106383,98.0,9.159787234042554,9.16,10.33451536643026,10.2,4.283687943262412,4.0,2.7906382978723405,2.75,3.685579196217494,3.0
1,74.8521850899743,75.0,438.97429305912596,415.0,0.08354755784061697,0.0,177.04678663239073,177.35000000000002,93.37275064267352,94.0,30.09849614395887,30.15,216.21825192802055,213.9,96.4241645244216,96.0,18.378688946015426,18.18,189.1345758354756,190.55,98.54370179948586,99.0,8.511143958868894,8.575,10.07814910025707,10.1,4.223650385604113,4.0,2.721632390745501,2.73,1.0462724935732648,1.0
2,126.98823529411764,126.0,434.3137254901961,415.0,0.06797385620915032,0.0,181.77986928104576,180.0,108.3843137254902,108.0,30.903150326797384,30.6,184.917385620915,184.3,104.29934640522876,105.0,15.718222222222224,15.67,211.69764705882355,212.4,102.58169934640523,103.0,9.526496732026144,9.56,10.405751633986927,10.5,4.747712418300654,4.0,2.810065359477124,2.84,1.065359477124183,1.0
3,100.80428571428571,101.0,437.44714285714286,415.0,29.555714285714284,29.0,181.3702857142857,183.60000000000002,100.10571428571428,100.5,30.83345714285714,31.215,201.01814285714286,203.0,100.24285714285715,100.5,17.08694285714286,17.255000000000003,201.59942857142858,202.55,100.56428571428572,102.0,9.072057142857142,9.115,10.170285714285715,10.1,4.542857142857143,4.0,2.7465142857142855,2.73,1.3971428571428572,1.0
