cluster,churn_rate,count
1,0.33430232558139533,344
3,0.17721518987341772,474
4,0.12108559498956159,479
2,0.11642411642411643,481
0,0.1016949152542373,236
5,0.07822085889570553,652
