k,silhouette,inertia
6.0,0.07446119727222038,23274.54926028403
