cluster,churn_rate,count
-1,0.24691358024691357,81
0,0.14252517428350117,2582
1,0.0,3
