k,silhouette,inertia
6.0,0.06830700725247327,34995.35760456706
