cluster,churn_rate,count
4,0.34953703703703703,432
2,0.12472160356347439,449
5,0.10570824524312897,473
1,0.10317460317460317,378
3,0.10135135135135136,444
0,0.09591836734693877,490
