cluster,Account length__mean,Account length__median,Area code__mean,Area code__median,Number vmail messages__mean,Number vmail messages__median,Total day minutes__mean,Total day minutes__median,Total day calls__mean,Total day calls__median,Total day charge__mean,Total day charge__median,Total eve minutes__mean,Total eve minutes__median,Total eve calls__mean,Total eve calls__median,Total eve charge__mean,Total eve charge__median,Total night minutes__mean,Total night minutes__median,Total night calls__mean,Total night calls__median,Total night charge__mean,Total night charge__median,Total intl minutes__mean,Total intl minutes__median,Total intl calls__mean,Total intl calls__median,Total intl charge__mean,Total intl charge__median,Customer service calls__mean,Customer service calls__median
-1,102.23456790123457,103.0,431.60493827160496,415.0,11.975308641975309,0.0,170.10987654320988,185.8,98.98765432098766,102.0,28.919012345679015,31.59,183.58518518518517,179.5,99.19753086419753,101.0,15.605185185185185,15.26,188.59259259259258,181.8,101.85185185185185,102.0,8.486666666666666,8.18,10.028395061728395,10.1,6.716049382716049,5.0,2.707530864197531,2.73,2.0123456790123457,1.0
0,100.58133230054221,100.0,437.6533694810225,415.0,7.880712625871418,0.0,179.8362896979086,179.95,100.34624322230829,101.0,30.572703330751356,30.59,200.9464368706429,201.0,100.06041828040279,100.0,17.08068938807126,17.09,201.50883036405887,201.5,100.06274206041829,100.0,9.067986057319908,9.065000000000001,10.255460883036406,10.2,4.402013942680093,4.0,2.7694887683965916,2.75,1.5487993803253293,1.0
1,90.66666666666667,87.0,410.3333333333333,408.0,22.666666666666668,21.0,127.26666666666667,151.4,105.0,98.0,21.636666666666667,25.74,171.79999999999998,176.1,90.66666666666667,89.0,14.603333333333333,14.97,248.20000000000002,249.7,90.33333333333333,84.0,11.17,11.24,0.0,0.0,0.0,0.0,0.0,0.0,1.3333333333333333,1.0
