model,variant,split,accuracy,precision,recall,f1,roc_auc
logreg_pca,tuned,train,0.7693173293323331,0.36039360393603936,0.7551546391752577,0.48792672772689427,0.824974204176208
logreg_pca,tuned,test,0.775112443778111,0.36180904522613067,0.7578947368421053,0.4897959183673469,0.8308244387191756
knn_pca,tuned,train,0.9268567141785446,0.9177489177489178,0.5463917525773195,0.6849757673667205,0.9710617244281926
knn_pca,tuned,test,0.896551724137931,0.7954545454545454,0.3684210526315789,0.5035971223021583,0.7469911667280089
