cluster,Account length__mean,Account length__median,Area code__mean,Area code__median,Number vmail messages__mean,Number vmail messages__median,Total day minutes__mean,Total day minutes__median,Total day calls__mean,Total day calls__median,Total day charge__mean,Total day charge__median,Total eve minutes__mean,Total eve minutes__median,Total eve calls__mean,Total eve calls__median,Total eve charge__mean,Total eve charge__median,Total night minutes__mean,Total night minutes__median,Total night calls__mean,Total night calls__median,Total night charge__mean,Total night charge__median,Total intl minutes__mean,Total intl minutes__median,Total intl calls__mean,Total intl calls__median,Total intl charge__mean,Total intl charge__median,Customer service calls__mean,Customer service calls__median
0,100.7095890410959,101.0,437.76849315068495,415.0,29.268493150684932,29.0,180.79000000000002,183.14999999999998,100.03972602739726,100.0,30.734835616438357,31.134999999999998,201.85767123287673,203.7,100.16438356164383,101.0,17.158260273972605,17.31,201.0131506849315,201.5,100.5054794520548,102.0,9.045671232876712,9.065000000000001,10.177534246575343,10.1,4.536986301369863,4.0,2.7484657534246573,2.73,1.5136986301369864,1.0
1,100.58677685950413,100.0,437.31456611570246,415.0,0.010330578512396695,0.0,178.98827479338843,179.2,100.41219008264463,101.0,30.42853305785124,30.46,199.83130165289256,199.7,99.97055785123968,100.0,16.985867768595043,16.97,201.22768595041322,201.05,99.9555785123967,100.0,9.055335743801653,9.05,10.259452479338842,10.3,4.441115702479339,4.0,2.7705320247933884,2.78,1.5810950413223142,1.0
