cluster,churn_rate,count
1,0.16683884297520662,1936
0,0.08904109589041095,730
