cluster,Account length__mean,Account length__median,Area code__mean,Area code__median,Number vmail messages__mean,Number vmail messages__median,Total day minutes__mean,Total day minutes__median,Total day calls__mean,Total day calls__median,Total day charge__mean,Total day charge__median,Total eve minutes__mean,Total eve minutes__median,Total eve calls__mean,Total eve calls__median,Total eve charge__mean,Total eve charge__median,Total night minutes__mean,Total night minutes__median,Total night calls__mean,Total night calls__median,Total night charge__mean,Total night charge__median,Total intl minutes__mean,Total intl minutes__median,Total intl calls__mean,Total intl calls__median,Total intl charge__mean,Total intl charge__median,Customer service calls__mean,Customer service calls__median
0,100.40381558028616,101.0,437.3672496025437,415.0,30.451510333863276,30.0,183.68219395866456,184.5,100.36883942766296,101.0,31.226565977742446,31.37,201.4952305246423,203.7,100.4308426073132,101.0,17.127440381558028,17.31,204.10397456279807,205.7,100.48171701112878,102.0,9.184769475357712,9.26,10.295230524642289,10.3,4.610492845786964,4.0,2.7802702702702704,2.78,1.5151033386327504,1.0
1,94.828125,93.0,434.44602272727275,415.0,0.6590909090909091,0.0,180.24332386363636,179.3,99.42755681818181,100.0,30.641832386363635,30.48,180.21264204545454,179.3,101.19744318181819,101.0,15.31830965909091,15.24,249.1012784090909,245.6,101.04261363636364,102.0,11.209758522727272,11.055,10.829971590909091,10.9,4.448863636363637,4.0,2.924573863636364,2.94,1.640625,1.0
2,102.67018072289157,103.0,438.43674698795184,415.0,1.0617469879518073,0.0,215.83855421686746,214.14999999999998,101.6144578313253,102.0,36.69298192771084,36.405,180.27951807228916,180.2,100.63704819277109,100.0,15.323975903614459,15.32,163.9936746987952,168.1,99.43524096385542,100.0,7.379804216867469,7.5649999999999995,9.774397590361446,9.7,4.34789156626506,4.0,2.639533132530121,2.62,1.5466867469879517,1.0
3,104.8849028400598,104.0,439.66517189835577,415.0,1.5889387144992526,0.0,138.64544095665173,142.3,99.88938714499253,101.0,23.570358744394618,24.19,240.52869955156953,240.8,97.79671150971599,98.0,20.445142002989535,20.47,184.86681614349774,185.2,99.43348281016442,99.0,8.318968609865472,8.33,10.017488789237667,10.1,4.4708520179372195,4.0,2.7052167414050823,2.73,1.5411061285500747,1.0
