k,silhouette,inertia
4.0,0.07062330174471487,37818.528173770246
