cluster,churn_rate,count
2,0.19728915662650603,664
1,0.16477272727272727,704
3,0.12257100149476831,669
0,0.09379968203497616,629
