{
  "eps": 2.905258219346325,
  "min_samples": 3,
  "n_clusters": 2,
  "noise_ratio": 0.030382595648912228,
  "silhouette": 0.27677611073907,
  "plots": [
    "dbscan_param_search.csv",
    "dbscan_silhouette_vs_eps.png"
  ]
}